school_id,child_id,child_gender,child_age,child_reading_irt,child_knows_letter_names,child_motor_skills,socioeconomic_status,parent_read_to_child,school_type,primary_non_parental,mother_education,father_education
38,0038004C,MALE,75.19999999999997,77.59999999999997,1,6,0.6,LESS THAN TWICE A WEEK,PUBLIC,CENTER-BASED PROGRAM,MEDIUM,MEDIUM
38,0038010C,FEMALE,66.12999999999997,27.18999999999999,0,4,0.07,3 TO 6 TIMES A WEEK,PUBLIC,CENTER-BASED PROGRAM,HIGH,HIGH
38,0038012C,FEMALE,70.72999999999999,33.58999999999999,0,7,0.36999999999999994,3 TO 6 TIMES A WEEK,PUBLIC,CENTER-BASED PROGRAM,MEDIUM,MEDIUM
38,0038015C,MALE,70.69999999999999,37.88999999999999,0,8,0.05,LESS THAN TWICE A WEEK,PUBLIC,CENTER-BASED PROGRAM,HIGH,HIGH
38,0038018C,FEMALE,68.72999999999999,26.89999999999999,0,8,-0.7099999999999999,LESS THAN TWICE A WEEK,PUBLIC,CENTER-BASED PROGRAM,MEDIUM,LOW
38,0038020C,MALE,65.99999999999997,25.279999999999994,0,6,-0.27999999999999997,LESS THAN TWICE A WEEK,PUBLIC,NO NON-PARENTAL CARE,HIGH,LOW
38,0038021C,MALE,70.69999999999999,46.01999999999998,1,7,0.09,EVERYDAY,PUBLIC,CENTER-BASED PROGRAM,HIGH,MEDIUM
78,0078001C,FEMALE,69.59999999999997,42.31999999999999,1,7,0.42,EVERYDAY,PUBLIC,CENTER-BASED PROGRAM,MEDIUM,MEDIUM
78,0078004C,FEMALE,66.76999999999997,39.039999999999985,0,6,-0.11,3 TO 6 TIMES A WEEK,PUBLIC,CENTER-BASED PROGRAM,MEDIUM,MEDIUM
78,0078005C,FEMALE,68.46999999999997,31.999999999999996,0,6,0.17999999999999997,3 TO 6 TIMES A WEEK,PUBLIC,CENTER-BASED PROGRAM,MEDIUM,HIGH
78,0078007C,MALE,73.16999999999997,102.19999999999996,1,6,1.68,3 TO 6 TIMES A WEEK,PUBLIC,CENTER-BASED PROGRAM,HIGH,HIGH
78,0078009C,MALE,67.16999999999997,55.579999999999984,1,7,1.13,EVERYDAY,PUBLIC,CENTER-BASED PROGRAM,HIGH,HIGH
78,0078010C,FEMALE,66.49999999999997,34.389999999999986,0,5,0.6499999999999999,3 TO 6 TIMES A WEEK,PUBLIC,CENTER-BASED PROGRAM,HIGH,MEDIUM
78,0078011C,FEMALE,61.96999999999997,43.33999999999999,1,6,1.16,EVERYDAY,PUBLIC,CENTER-BASED PROGRAM,MEDIUM,HIGH
78,0078013C,FEMALE,63.56999999999997,36.18999999999998,0,6,0.8999999999999999,EVERYDAY,PUBLIC,CENTER-BASED PROGRAM,HIGH,MEDIUM
78,0078014C,MALE,62.99999999999998,27.259999999999994,0,4,-0.27999999999999997,EVERYDAY,PUBLIC,NO NON-PARENTAL CARE,MEDIUM,MEDIUM
78,0078015C,MALE,68.92999999999998,24.49999999999999,0,7,-0.44,LESS THAN TWICE A WEEK,PUBLIC,CENTER-BASED PROGRAM,MEDIUM,MEDIUM
78,0078016C,MALE,65.69999999999999,42.68999999999999,0,5,0.06,LESS THAN TWICE A WEEK,PUBLIC,CENTER-BASED PROGRAM,MEDIUM,MEDIUM
78,0078018C,FEMALE,66.02999999999997,49.35,1,7,0.5599999999999999,EVERYDAY,PUBLIC,CENTER-BASED PROGRAM,MEDIUM,MEDIUM
78,0078020C,MALE,75.26999999999997,38.749999999999986,1,6,-0.1,EVERYDAY,PUBLIC,CENTER-BASED PROGRAM,HIGH,MEDIUM
78,0078021C,FEMALE,61.76999999999998,32.28999999999999,0,6,0.03,EVERYDAY,PUBLIC,CENTER-BASED PROGRAM,HIGH,MEDIUM
78,0078022C,MALE,69.22999999999999,40.66999999999998,1,3,0.8,EVERYDAY,PUBLIC,CENTER-BASED PROGRAM,HIGH,HIGH
80,0080002C,MALE,69.13,43.36999999999999,1,8,0.05,EVERYDAY,PUBLIC,CENTER-BASED PROGRAM,MEDIUM,HIGH
80,0080003C,MALE,74.06999999999998,40.579999999999984,0,7,0.7099999999999999,3 TO 6 TIMES A WEEK,PUBLIC,CENTER-BASED PROGRAM,HIGH,HIGH
80,0080005C,MALE,74.16999999999997,38.65999999999999,0,6,-0.22,3 TO 6 TIMES A WEEK,PUBLIC,RELATIVE CARE,MEDIUM,MEDIUM
80,0080007C,FEMALE,61.06999999999997,30.72999999999999,0,3,-0.30999999999999994,EVERYDAY,PUBLIC,CENTER-BASED PROGRAM,MEDIUM,MEDIUM
80,0080008C,MALE,67.66999999999997,32.38999999999999,0,8,-0.36999999999999994,EVERYDAY,PUBLIC,NO NON-PARENTAL CARE,MEDIUM,MEDIUM
80,0080009C,FEMALE,67.59999999999997,24.629999999999995,0,5,-0.11999999999999998,3 TO 6 TIMES A WEEK,PUBLIC,CENTER-BASED PROGRAM,MEDIUM,MEDIUM
80,0080010C,FEMALE,68.79999999999997,39.01999999999999,1,9,0.31999999999999995,3 TO 6 TIMES A WEEK,PUBLIC,CENTER-BASED PROGRAM,MEDIUM,MEDIUM
80,0080011C,FEMALE,70.22999999999998,35.93999999999998,0,8,0.44,3 TO 6 TIMES A WEEK,PUBLIC,CENTER-BASED PROGRAM,MEDIUM,HIGH
80,0080013C,MALE,65.26999999999997,27.019999999999996,0,5,-0.58,3 TO 6 TIMES A WEEK,PUBLIC,NO NON-PARENTAL CARE,LOW,MEDIUM
80,0080016C,FEMALE,66.79999999999997,29.47999999999999,0,4,-0.3,LESS THAN TWICE A WEEK,PUBLIC,CENTER-BASED PROGRAM,MEDIUM,MEDIUM
80,0080017C,MALE,59.469999999999985,27.70999999999999,0,8,-0.15999999999999998,LESS THAN TWICE A WEEK,PUBLIC,CENTER-BASED PROGRAM,MEDIUM,MEDIUM
80,0080018C,MALE,61.09999999999998,38.52999999999999,0,9,0.11,LESS THAN TWICE A WEEK,PUBLIC,CENTER-BASED PROGRAM,MEDIUM,MEDIUM
80,0080019C,MALE,61.899999999999984,31.80999999999999,0,4,-0.57,LESS THAN TWICE A WEEK,PUBLIC,CENTER-BASED PROGRAM,LOW,LOW
80,0080020C,FEMALE,64.32999999999998,33.65999999999999,0,8,-0.22,EVERYDAY,PUBLIC,CENTER-BASED PROGRAM,HIGH,LOW
80,0080022C,MALE,61.66999999999997,29.41999999999999,0,7,0.23999999999999996,EVERYDAY,PUBLIC,CENTER-BASED PROGRAM,MEDIUM,MEDIUM
80,0080023C,FEMALE,64.3,31.999999999999996,0,8,-0.42,3 TO 6 TIMES A WEEK,PUBLIC,NO NON-PARENTAL CARE,MEDIUM,MEDIUM
97,0097014C,FEMALE,64.89999999999998,26.799999999999997,0,2,-0.30999999999999994,3 TO 6 TIMES A WEEK,PRIVATE,CENTER-BASED PROGRAM,MEDIUM,MEDIUM
97,0097016C,FEMALE,69.42999999999999,31.869999999999994,0,8,0,EVERYDAY,PRIVATE,NO NON-PARENTAL CARE,MEDIUM,MEDIUM
97,0097017C,FEMALE,61.629999999999974,35.23999999999999,1,6,1.0199999999999998,3 TO 6 TIMES A WEEK,PRIVATE,NON-RELATIVE CARE,HIGH,HIGH
97,0097019C,FEMALE,59.39999999999999,30.32999999999999,0,6,1.56,3 TO 6 TIMES A WEEK,PRIVATE,CENTER-BASED PROGRAM,HIGH,HIGH
97,0097025C,FEMALE,59.89999999999999,31.429999999999996,0,5,1.0599999999999998,EVERYDAY,PRIVATE,CENTER-BASED PROGRAM,HIGH,HIGH
178,0178002C,MALE,68.96999999999997,28.859999999999992,0,9,0.02,3 TO 6 TIMES A WEEK,PRIVATE,CENTER-BASED PROGRAM,MEDIUM,MEDIUM
178,0178003C,MALE,66.19999999999997,33.48999999999999,0,5,0.4599999999999999,3 TO 6 TIMES A WEEK,PRIVATE,RELATIVE CARE,HIGH,MEDIUM
178,0178004C,FEMALE,65.56999999999998,43.149999999999984,0,5,0.5099999999999999,3 TO 6 TIMES A WEEK,PRIVATE,CENTER-BASED PROGRAM,MEDIUM,MEDIUM
178,0178005C,MALE,73.39999999999998,50.31,0,8,0.5499999999999999,EVERYDAY,PRIVATE,NO NON-PARENTAL CARE,MEDIUM,HIGH
178,0178006C,MALE,74.26999999999997,42.82999999999999,0,8,-0.4,EVERYDAY,PRIVATE,CENTER-BASED PROGRAM,MEDIUM,MEDIUM
178,0178007C,FEMALE,73.46999999999997,35.269999999999996,0,5,0.07,EVERYDAY,PRIVATE,CENTER-BASED PROGRAM,MEDIUM,MEDIUM
178,0178008C,MALE,62.52999999999998,34.43999999999998,0,5,-0.02,EVERYDAY,PRIVATE,CENTER-BASED PROGRAM,MEDIUM,MEDIUM
178,0178009C,MALE,68.99999999999999,44.46999999999999,0,4,0.3499999999999999,EVERYDAY,PRIVATE,CENTER-BASED PROGRAM,MEDIUM,MEDIUM
178,0178010C,MALE,66.06999999999998,39.69999999999999,0,5,1.2399999999999998,3 TO 6 TIMES A WEEK,PRIVATE,CENTER-BASED PROGRAM,MEDIUM,HIGH
178,0178012C,FEMALE,65.99999999999997,34.87999999999999,0,9,-0.31999999999999995,3 TO 6 TIMES A WEEK,PRIVATE,CENTER-BASED PROGRAM,MEDIUM,MEDIUM
178,0178013C,MALE,66.92999999999998,37.01999999999999,0,6,0.6699999999999998,EVERYDAY,PRIVATE,CENTER-BASED PROGRAM,MEDIUM,HIGH
178,0178014C,FEMALE,70.86999999999998,50.80999999999999,0,7,0.8099999999999998,EVERYDAY,PRIVATE,CENTER-BASED PROGRAM,HIGH,MEDIUM
178,0178015C,FEMALE,64.62999999999998,39.37999999999999,0,1,1.0799999999999998,EVERYDAY,PRIVATE,CENTER-BASED PROGRAM,MEDIUM,MEDIUM
178,0178017C,MALE,64.42999999999999,34.70999999999999,0,7,-0.44999999999999996,EVERYDAY,PRIVATE,NO NON-PARENTAL CARE,MEDIUM,MEDIUM
178,0178018C,FEMALE,73.02999999999997,25.289999999999996,0,9,-0.3499999999999999,EVERYDAY,PRIVATE,CENTER-BASED PROGRAM,MEDIUM,MEDIUM
178,0178019C,FEMALE,66.39999999999998,34.45999999999999,0,6,0.83,3 TO 6 TIMES A WEEK,PRIVATE,RELATIVE CARE,HIGH,HIGH
178,0178020C,FEMALE,69.92999999999999,26.229999999999997,0,9,0.11999999999999998,EVERYDAY,PRIVATE,RELATIVE CARE,MEDIUM,MEDIUM
178,0178021C,FEMALE,63.66999999999997,34.37999999999999,0,5,-0.49,EVERYDAY,PRIVATE,RELATIVE CARE,MEDIUM,LOW
178,0178023C,FEMALE,63.899999999999984,44.37999999999999,0,7,0.8699999999999999,EVERYDAY,PRIVATE,CENTER-BASED PROGRAM,HIGH,HIGH
178,0178024C,MALE,69.46999999999998,35.30999999999999,0,4,-0.13999999999999999,EVERYDAY,PRIVATE,CENTER-BASED PROGRAM,MEDIUM,HIGH
178,0178025C,FEMALE,63.69999999999998,32.15999999999999,0,3,-0.49,EVERYDAY,PRIVATE,RELATIVE CARE,MEDIUM,LOW
183,0183013C,FEMALE,62.469999999999985,46.85999999999999,0,7,0.6899999999999998,EVERYDAY,PRIVATE,NO NON-PARENTAL CARE,MEDIUM,HIGH
183,0183014C,FEMALE,71.76999999999997,33.54999999999998,0,7,0.26999999999999996,3 TO 6 TIMES A WEEK,PRIVATE,NO NON-PARENTAL CARE,MEDIUM,MEDIUM
183,0183015C,FEMALE,67.92999999999999,44.82999999999999,0,9,-0.3299999999999999,3 TO 6 TIMES A WEEK,PRIVATE,CENTER-BASED PROGRAM,LOW,MEDIUM
183,0183016C,MALE,62.969999999999985,23.56999999999999,0,9,-0.06,EVERYDAY,PRIVATE,CENTER-BASED PROGRAM,MEDIUM,MEDIUM
183,0183017C,MALE,64.82999999999998,29.589999999999986,0,6,0.30999999999999994,3 TO 6 TIMES A WEEK,PRIVATE,CENTER-BASED PROGRAM,MEDIUM,HIGH
183,0183019C,MALE,67.13,60.63999999999997,1,4,0.6,EVERYDAY,PRIVATE,NO NON-PARENTAL CARE,LOW,HIGH
183,0183021C,FEMALE,66.89999999999998,27.729999999999997,0,3,-0.22999999999999995,EVERYDAY,PRIVATE,CENTER-BASED PROGRAM,MEDIUM,MEDIUM
183,0183022C,FEMALE,71.62999999999997,53.63999999999997,0,9,1.5299999999999998,EVERYDAY,PRIVATE,CENTER-BASED PROGRAM,HIGH,HIGH
212,0212001C,MALE,72.22999999999998,38.05999999999999,0,9,-0.08,EVERYDAY,PRIVATE,NO NON-PARENTAL CARE,MEDIUM,MEDIUM
212,0212002C,FEMALE,70.3,35.389999999999986,1,7,0.22999999999999995,3 TO 6 TIMES A WEEK,PRIVATE,NO NON-PARENTAL CARE,MEDIUM,MEDIUM
212,0212004C,FEMALE,66.06999999999998,24.269999999999996,0,3,0.4599999999999999,LESS THAN TWICE A WEEK,PRIVATE,RELATIVE CARE,MEDIUM,MEDIUM
212,0212005C,MALE,63.06999999999998,38.139999999999986,1,9,0.01,EVERYDAY,PRIVATE,RELATIVE CARE,MEDIUM,LOW
212,0212007C,MALE,70.32999999999998,26.609999999999996,0,7,1.18,3 TO 6 TIMES A WEEK,PRIVATE,NON-RELATIVE CARE,HIGH,MEDIUM
212,0212008C,MALE,63.52999999999998,32.53999999999999,0,6,-0.35999999999999993,EVERYDAY,PRIVATE,CENTER-BASED PROGRAM,MEDIUM,MEDIUM
212,0212009C,MALE,69.66999999999997,35.819999999999986,0,5,-0.15,3 TO 6 TIMES A WEEK,PRIVATE,NO NON-PARENTAL CARE,MEDIUM,MEDIUM
212,0212010C,FEMALE,66.96999999999997,33.59999999999999,0,8,-0.25999999999999995,EVERYDAY,PRIVATE,CENTER-BASED PROGRAM,MEDIUM,MEDIUM
212,0212011C,FEMALE,69.92999999999999,28.57999999999999,0,6,0.3399999999999999,EVERYDAY,PRIVATE,CENTER-BASED PROGRAM,MEDIUM,MEDIUM
212,0212012C,FEMALE,68.79999999999997,36.03999999999999,1,7,-0.11,3 TO 6 TIMES A WEEK,PRIVATE,NO NON-PARENTAL CARE,MEDIUM,MEDIUM
212,0212013C,FEMALE,60.82999999999999,32.48999999999999,0,3,-0.18999999999999997,EVERYDAY,PRIVATE,CENTER-BASED PROGRAM,MEDIUM,MEDIUM
212,0212014C,FEMALE,64.22999999999998,30.90999999999999,0,7,-0.03,3 TO 6 TIMES A WEEK,PRIVATE,RELATIVE CARE,MEDIUM,MEDIUM
212,0212015C,FEMALE,64.92999999999999,30.08999999999999,0,5,0.16999999999999996,3 TO 6 TIMES A WEEK,PRIVATE,RELATIVE CARE,MEDIUM,MEDIUM
212,0212016C,MALE,63.72999999999999,31.449999999999992,0,4,0.09,LESS THAN TWICE A WEEK,PRIVATE,NO NON-PARENTAL CARE,MEDIUM,MEDIUM
212,0212018C,FEMALE,67.02999999999999,43.05999999999999,1,5,0.1,EVERYDAY,PRIVATE,CENTER-BASED PROGRAM,MEDIUM,MEDIUM
212,0212019C,FEMALE,68.92999999999998,33.649999999999984,1,6,-0.1,3 TO 6 TIMES A WEEK,PRIVATE,CENTER-BASED PROGRAM,MEDIUM,MEDIUM
212,0212021C,MALE,68.79999999999997,38.429999999999986,1,5,1.5299999999999998,EVERYDAY,PRIVATE,RELATIVE CARE,HIGH,HIGH
212,0212023C,FEMALE,69.96999999999997,38.999999999999986,1,7,0.25999999999999995,EVERYDAY,PRIVATE,CENTER-BASED PROGRAM,HIGH,MEDIUM
212,0212024C,MALE,66.82999999999997,27.639999999999997,0,3,0.77,EVERYDAY,PRIVATE,CENTER-BASED PROGRAM,MEDIUM,MEDIUM
212,0212025C,FEMALE,69.13,31.469999999999995,0,7,0.7099999999999999,3 TO 6 TIMES A WEEK,PRIVATE,NON-RELATIVE CARE,HIGH,MEDIUM
264,0264001C,FEMALE,66.69999999999997,42.58999999999999,1,6,-0.21,3 TO 6 TIMES A WEEK,PRIVATE,CENTER-BASED PROGRAM,MEDIUM,MEDIUM
264,0264004C,MALE,73.22999999999998,33.09999999999999,0,7,0.6899999999999998,EVERYDAY,PRIVATE,CENTER-BASED PROGRAM,MEDIUM,HIGH
264,0264006C,FEMALE,65.26999999999997,35.859999999999985,1,9,1.2199999999999998,EVERYDAY,PRIVATE,CENTER-BASED PROGRAM,HIGH,HIGH
264,0264012C,MALE,63.469999999999985,32.24999999999999,0,2,0.6799999999999998,3 TO 6 TIMES A WEEK,PRIVATE,RELATIVE CARE,MEDIUM,MEDIUM
264,0264013C,FEMALE,64.56999999999998,23.719999999999985,0,5,0.17999999999999997,LESS THAN TWICE A WEEK,PRIVATE,NO NON-PARENTAL CARE,MEDIUM,HIGH
264,0264014C,MALE,65.16999999999997,30.189999999999987,1,7,-0.3499999999999999,LESS THAN TWICE A WEEK,PRIVATE,NO NON-PARENTAL CARE,MEDIUM,MEDIUM
264,0264021C,FEMALE,61.69999999999998,32.05999999999999,0,3,-0.36999999999999994,EVERYDAY,PRIVATE,NO NON-PARENTAL CARE,MEDIUM,MEDIUM
264,0264023C,MALE,67.82999999999998,25.399999999999995,0,1,0.13999999999999999,3 TO 6 TIMES A WEEK,PRIVATE,CENTER-BASED PROGRAM,MEDIUM,MEDIUM
348,0348002C,MALE,73.22999999999998,29.24999999999999,0,5,-0.3,LESS THAN TWICE A WEEK,PUBLIC,CENTER-BASED PROGRAM,MEDIUM,MEDIUM
348,0348004C,MALE,76.99999999999997,34.16999999999999,0,5,0.47,3 TO 6 TIMES A WEEK,PUBLIC,CENTER-BASED PROGRAM,LOW,MEDIUM
348,0348005C,FEMALE,74.8,32.04999999999999,0,7,-0.49999999999999994,EVERYDAY,PUBLIC,CENTER-BASED PROGRAM,MEDIUM,MEDIUM
348,0348011C,FEMALE,77.19999999999997,32.08999999999999,0,1,-0.7499999999999999,3 TO 6 TIMES A WEEK,PUBLIC,CENTER-BASED PROGRAM,LOW,MEDIUM
348,0348013C,MALE,76.16999999999997,32.839999999999996,0,2,-0.37999999999999995,EVERYDAY,PUBLIC,CENTER-BASED PROGRAM,MEDIUM,MEDIUM
348,0348016C,FEMALE,66.99999999999999,37.489999999999995,0,7,-0.49,EVERYDAY,PUBLIC,RELATIVE CARE,MEDIUM,MEDIUM
348,0348018C,FEMALE,69.52999999999999,34.51999999999999,0,6,-0.3299999999999999,3 TO 6 TIMES A WEEK,PUBLIC,NO NON-PARENTAL CARE,MEDIUM,MEDIUM
348,0348019C,FEMALE,75.12999999999997,35.95999999999999,0,5,-0.27999999999999997,LESS THAN TWICE A WEEK,PUBLIC,CENTER-BASED PROGRAM,MEDIUM,MEDIUM
386,0386006C,FEMALE,69.59999999999997,31.65999999999999,0,7,-0.26999999999999996,EVERYDAY,PUBLIC,NO NON-PARENTAL CARE,MEDIUM,MEDIUM
386,0386009C,FEMALE,73.99999999999999,35.52999999999999,0,5,0.13999999999999999,EVERYDAY,PUBLIC,NO NON-PARENTAL CARE,HIGH,HIGH
386,0386011C,FEMALE,68.66999999999997,29.109999999999985,0,5,-0.4099999999999999,3 TO 6 TIMES A WEEK,PUBLIC,CENTER-BASED PROGRAM,MEDIUM,MEDIUM
386,0386013C,FEMALE,67.49999999999999,36.879999999999995,0,6,-0.11,3 TO 6 TIMES A WEEK,PUBLIC,NO NON-PARENTAL CARE,MEDIUM,MEDIUM
397,0397002C,FEMALE,68.3,32.75999999999999,0,4,-0.7299999999999999,3 TO 6 TIMES A WEEK,PUBLIC,CENTER-BASED PROGRAM,MEDIUM,MEDIUM
397,0397003C,MALE,71.12999999999997,48.17999999999998,1,5,0.6299999999999999,3 TO 6 TIMES A WEEK,PUBLIC,NO NON-PARENTAL CARE,MEDIUM,HIGH
397,0397005C,MALE,63.36999999999998,26.539999999999992,0,4,0.06,EVERYDAY,PUBLIC,CENTER-BASED PROGRAM,MEDIUM,MEDIUM
397,0397008C,FEMALE,67.32999999999998,40.039999999999985,1,7,0.26999999999999996,3 TO 6 TIMES A WEEK,PUBLIC,CENTER-BASED PROGRAM,HIGH,HIGH
397,0397010C,MALE,68.46999999999997,33.669999999999995,0,8,-0.5099999999999999,LESS THAN TWICE A WEEK,PUBLIC,CENTER-BASED PROGRAM,MEDIUM,MEDIUM
397,0397011C,FEMALE,71.92999999999998,33.84999999999999,0,6,-0.27999999999999997,3 TO 6 TIMES A WEEK,PUBLIC,CENTER-BASED PROGRAM,MEDIUM,MEDIUM
397,0397016C,MALE,71.36999999999998,42.68999999999999,0,8,-0.23999999999999996,EVERYDAY,PUBLIC,CENTER-BASED PROGRAM,MEDIUM,MEDIUM
397,0397022C,FEMALE,63.06999999999998,26.439999999999994,0,1,0.08,3 TO 6 TIMES A WEEK,PUBLIC,CENTER-BASED PROGRAM,MEDIUM,MEDIUM
397,0397023C,MALE,68.56999999999998,33.87999999999999,0,4,0.13999999999999999,3 TO 6 TIMES A WEEK,PUBLIC,RELATIVE CARE,MEDIUM,MEDIUM
397,0397024C,MALE,69.89999999999999,35.37999999999999,0,8,-0.39,3 TO 6 TIMES A WEEK,PUBLIC,CENTER-BASED PROGRAM,MEDIUM,MEDIUM
414,0414014C,MALE,72.86999999999998,35.509999999999984,0,3,1.0799999999999998,EVERYDAY,PUBLIC,CENTER-BASED PROGRAM,MEDIUM,HIGH
414,0414015C,MALE,65.46999999999998,36.52999999999999,0,7,-0.3499999999999999,3 TO 6 TIMES A WEEK,PUBLIC,NO NON-PARENTAL CARE,MEDIUM,MEDIUM
414,0414016C,FEMALE,74.09999999999997,43.149999999999984,0,8,0.18999999999999997,3 TO 6 TIMES A WEEK,PUBLIC,CENTER-BASED PROGRAM,MEDIUM,MEDIUM
414,0414017C,FEMALE,63.69999999999998,26.859999999999992,0,5,0.09,EVERYDAY,PUBLIC,CENTER-BASED PROGRAM,MEDIUM,MEDIUM
414,0414018C,MALE,67.13,32.00999999999999,0,7,-0.27999999999999997,3 TO 6 TIMES A WEEK,PUBLIC,NO NON-PARENTAL CARE,MEDIUM,MEDIUM
414,0414020C,FEMALE,66.49999999999997,35.359999999999985,0,7,0.49999999999999994,3 TO 6 TIMES A WEEK,PUBLIC,NO NON-PARENTAL CARE,MEDIUM,MEDIUM
414,0414022C,FEMALE,67.3,27.729999999999997,0,6,-0.39,LESS THAN TWICE A WEEK,PUBLIC,RELATIVE CARE,MEDIUM,LOW
414,0414023C,FEMALE,68.42999999999998,37.11999999999998,0,7,-0.22999999999999995,3 TO 6 TIMES A WEEK,PUBLIC,CENTER-BASED PROGRAM,MEDIUM,MEDIUM
433,0433001C,FEMALE,69.1,43.58999999999999,1,9,0.8099999999999998,EVERYDAY,PUBLIC,NO NON-PARENTAL CARE,MEDIUM,HIGH
433,0433003C,MALE,75.12999999999997,51.38999999999999,1,7,1.19,3 TO 6 TIMES A WEEK,PUBLIC,CENTER-BASED PROGRAM,MEDIUM,HIGH
433,0433004C,MALE,73.26999999999997,34.539999999999985,0,7,0.5599999999999999,3 TO 6 TIMES A WEEK,PUBLIC,CENTER-BASED PROGRAM,HIGH,MEDIUM
433,0433006C,FEMALE,67.56999999999998,40.04999999999998,0,8,-0.16999999999999996,EVERYDAY,PUBLIC,NO NON-PARENTAL CARE,MEDIUM,MEDIUM
433,0433007C,MALE,74.22999999999998,32.42999999999999,0,8,-0.24999999999999997,3 TO 6 TIMES A WEEK,PUBLIC,CENTER-BASED PROGRAM,MEDIUM,MEDIUM
433,0433008C,FEMALE,69.36999999999999,34.359999999999985,0,9,0.8,LESS THAN TWICE A WEEK,PUBLIC,NO NON-PARENTAL CARE,HIGH,HIGH
433,0433010C,FEMALE,69.99999999999997,27.429999999999996,0,5,-0.6599999999999998,3 TO 6 TIMES A WEEK,PUBLIC,NO NON-PARENTAL CARE,LOW,MEDIUM
433,0433011C,FEMALE,71.92999999999998,36.06999999999999,0,8,0.6899999999999998,EVERYDAY,PUBLIC,NO NON-PARENTAL CARE,HIGH,MEDIUM
433,0433013C,FEMALE,70.32999999999998,36.359999999999985,0,7,-0.1,3 TO 6 TIMES A WEEK,PUBLIC,CENTER-BASED PROGRAM,MEDIUM,MEDIUM
433,0433016C,MALE,71.59999999999997,39.04999999999998,0,5,-0.16999999999999996,EVERYDAY,PUBLIC,CENTER-BASED PROGRAM,MEDIUM,MEDIUM
433,0433017C,FEMALE,71.16999999999997,41.149999999999984,0,8,-0.4799999999999999,EVERYDAY,PUBLIC,CENTER-BASED PROGRAM,MEDIUM,MEDIUM
433,0433018C,MALE,70.19999999999997,27.799999999999997,0,6,-0.6599999999999998,3 TO 6 TIMES A WEEK,PUBLIC,NO NON-PARENTAL CARE,LOW,MEDIUM
538,0538002C,MALE,62.269999999999975,32.629999999999995,0,5,0.22,LESS THAN TWICE A WEEK,PRIVATE,NO NON-PARENTAL CARE,MEDIUM,MEDIUM
538,0538003C,MALE,71.29999999999997,25.229999999999997,0,6,-0.3299999999999999,LESS THAN TWICE A WEEK,PRIVATE,NO NON-PARENTAL CARE,MEDIUM,MEDIUM
538,0538004C,FEMALE,66.72999999999999,29.549999999999986,0,7,-0.29,3 TO 6 TIMES A WEEK,PRIVATE,NO NON-PARENTAL CARE,MEDIUM,MEDIUM
538,0538005C,MALE,74.49999999999997,46.959999999999994,1,7,-0.2,3 TO 6 TIMES A WEEK,PRIVATE,NO NON-PARENTAL CARE,MEDIUM,MEDIUM
538,0538006C,FEMALE,66.26999999999997,25.29999999999999,0,5,-0.36999999999999994,LESS THAN TWICE A WEEK,PRIVATE,NON-RELATIVE CARE,MEDIUM,MEDIUM
538,0538007C,MALE,63.92999999999998,26.539999999999992,0,6,-0.18999999999999997,EVERYDAY,PRIVATE,NO NON-PARENTAL CARE,MEDIUM,MEDIUM
538,0538008C,MALE,66.96999999999997,27.199999999999996,0,4,0.31999999999999995,3 TO 6 TIMES A WEEK,PRIVATE,NO NON-PARENTAL CARE,MEDIUM,HIGH
538,0538009C,MALE,67.89999999999999,34.98999999999999,0,4,-0.4099999999999999,3 TO 6 TIMES A WEEK,PRIVATE,NO NON-PARENTAL CARE,MEDIUM,MEDIUM
538,0538011C,FEMALE,63.79999999999998,27.639999999999997,0,3,-0.22999999999999995,EVERYDAY,PRIVATE,NO NON-PARENTAL CARE,MEDIUM,MEDIUM
538,0538012C,FEMALE,70.59999999999997,39.08999999999999,0,5,-0.1,EVERYDAY,PRIVATE,CENTER-BASED PROGRAM,MEDIUM,MEDIUM
538,0538014C,MALE,69.46999999999998,27.109999999999992,0,9,0.4,EVERYDAY,PRIVATE,NO NON-PARENTAL CARE,MEDIUM,MEDIUM
538,0538015C,MALE,74.32999999999998,32.16999999999999,0,7,-0.18999999999999997,LESS THAN TWICE A WEEK,PRIVATE,NO NON-PARENTAL CARE,MEDIUM,MEDIUM
538,0538017C,MALE,65.8,29.25999999999999,0,2,0.02,LESS THAN TWICE A WEEK,PRIVATE,NO NON-PARENTAL CARE,MEDIUM,HIGH
538,0538018C,MALE,68.66999999999997,43.73999999999999,0,6,0.6099999999999999,3 TO 6 TIMES A WEEK,PRIVATE,NO NON-PARENTAL CARE,MEDIUM,MEDIUM
538,0538020C,FEMALE,72.8,22.259999999999994,0,2,-0.29,LESS THAN TWICE A WEEK,PRIVATE,CENTER-BASED PROGRAM,MEDIUM,MEDIUM
538,0538021C,FEMALE,66.02999999999997,48.38999999999999,0,5,0.30999999999999994,EVERYDAY,PRIVATE,NO NON-PARENTAL CARE,MEDIUM,HIGH
621,0621002C,FEMALE,67.13,28.109999999999985,0,6,-0.29,LESS THAN TWICE A WEEK,PUBLIC,NO NON-PARENTAL CARE,LOW,HIGH
621,0621003C,FEMALE,66.42999999999998,45.24999999999998,0,8,0.9199999999999998,EVERYDAY,PUBLIC,NON-RELATIVE CARE,HIGH,HIGH
621,0621004C,MALE,68.69999999999999,27.75999999999999,0,1,-0.44,3 TO 6 TIMES A WEEK,PUBLIC,CENTER-BASED PROGRAM,MEDIUM,LOW
621,0621005C,MALE,69.07,26.679999999999996,0,6,-0.5499999999999999,LESS THAN TWICE A WEEK,PUBLIC,NO NON-PARENTAL CARE,MEDIUM,LOW
621,0621006C,MALE,64.32999999999998,30.159999999999986,0,6,-0.44,EVERYDAY,PUBLIC,CENTER-BASED PROGRAM,MEDIUM,MEDIUM
621,0621007C,FEMALE,68.32999999999998,34.61999999999998,0,9,0.37999999999999995,EVERYDAY,PUBLIC,CENTER-BASED PROGRAM,HIGH,MEDIUM
621,0621009C,FEMALE,63.12999999999998,29.829999999999995,0,6,0.3399999999999999,3 TO 6 TIMES A WEEK,PUBLIC,NO NON-PARENTAL CARE,MEDIUM,MEDIUM
621,0621010C,FEMALE,65.62999999999997,47.71999999999999,1,6,0.36999999999999994,EVERYDAY,PUBLIC,CENTER-BASED PROGRAM,HIGH,MEDIUM
621,0621012C,FEMALE,69.86999999999999,31.34999999999999,0,6,0.09,EVERYDAY,PUBLIC,NO NON-PARENTAL CARE,MEDIUM,MEDIUM
621,0621014C,FEMALE,71.06999999999998,43.11999999999998,0,3,-0.47,LESS THAN TWICE A WEEK,PUBLIC,NO NON-PARENTAL CARE,MEDIUM,MEDIUM
621,0621016C,FEMALE,70.82999999999998,41.06999999999998,1,9,-0.18999999999999997,EVERYDAY,PUBLIC,CENTER-BASED PROGRAM,MEDIUM,MEDIUM
621,0621017C,FEMALE,67.49999999999999,39.65999999999999,0,7,-0.35999999999999993,3 TO 6 TIMES A WEEK,PUBLIC,CENTER-BASED PROGRAM,MEDIUM,MEDIUM
621,0621018C,FEMALE,70.69999999999999,46.06999999999998,1,9,0.37999999999999995,3 TO 6 TIMES A WEEK,PUBLIC,NO NON-PARENTAL CARE,HIGH,MEDIUM
621,0621020C,FEMALE,69.72999999999999,38.70999999999999,0,7,-0.3399999999999999,3 TO 6 TIMES A WEEK,PUBLIC,CENTER-BASED PROGRAM,MEDIUM,MEDIUM
621,0621022C,FEMALE,66.72999999999999,32.44,0,8,-0.44999999999999996,3 TO 6 TIMES A WEEK,PUBLIC,CENTER-BASED PROGRAM,MEDIUM,MEDIUM
621,0621023C,FEMALE,64.36999999999999,47.81999999999999,0,7,-0.09,EVERYDAY,PUBLIC,CENTER-BASED PROGRAM,MEDIUM,MEDIUM
621,0621024C,FEMALE,65.77,25.609999999999996,0,1,-0.35999999999999993,EVERYDAY,PUBLIC,RELATIVE CARE,MEDIUM,LOW
647,0647001C,MALE,72.32999999999998,42.88999999999999,0,9,0.59,3 TO 6 TIMES A WEEK,PUBLIC,CENTER-BASED PROGRAM,HIGH,HIGH
647,0647002C,MALE,72.99999999999997,41.94999999999998,0,8,-0.17999999999999997,3 TO 6 TIMES A WEEK,PUBLIC,CENTER-BASED PROGRAM,MEDIUM,MEDIUM
647,0647003C,FEMALE,66.16999999999997,47.86999999999999,0,8,0.27999999999999997,EVERYDAY,PUBLIC,NO NON-PARENTAL CARE,MEDIUM,HIGH
647,0647008C,MALE,66.46999999999997,37.899999999999984,0,6,1.0199999999999998,EVERYDAY,PUBLIC,CENTER-BASED PROGRAM,HIGH,HIGH
647,0647012C,MALE,66.82999999999997,34.98999999999999,0,4,0.84,EVERYDAY,PUBLIC,CENTER-BASED PROGRAM,MEDIUM,HIGH
647,0647014C,MALE,73.32999999999998,59.469999999999985,0,8,0.5099999999999999,EVERYDAY,PUBLIC,NO NON-PARENTAL CARE,MEDIUM,HIGH
647,0647015C,FEMALE,71.42999999999998,44.38999999999999,0,8,-0.04,EVERYDAY,PUBLIC,CENTER-BASED PROGRAM,MEDIUM,MEDIUM
647,0647016C,FEMALE,64.19999999999999,29.41999999999999,0,7,-1.0099999999999998,EVERYDAY,PUBLIC,CENTER-BASED PROGRAM,HIGH,MEDIUM
647,0647019C,MALE,64.59999999999998,68.14999999999998,1,6,0.6399999999999999,EVERYDAY,PUBLIC,CENTER-BASED PROGRAM,MEDIUM,HIGH
647,0647020C,FEMALE,69.49999999999999,40.41,0,6,0.83,EVERYDAY,PUBLIC,CENTER-BASED PROGRAM,HIGH,HIGH
647,0647023C,FEMALE,63.56999999999997,38.73999999999999,0,6,-0.3499999999999999,3 TO 6 TIMES A WEEK,PUBLIC,RELATIVE CARE,MEDIUM,MEDIUM
652,0652003C,MALE,68.86999999999998,49.029999999999994,1,7,1.2799999999999998,EVERYDAY,PUBLIC,CENTER-BASED PROGRAM,HIGH,HIGH
652,0652004C,FEMALE,65.22999999999998,49.89999999999999,1,6,0.59,LESS THAN TWICE A WEEK,PUBLIC,CENTER-BASED PROGRAM,MEDIUM,HIGH
652,0652005C,FEMALE,71.36999999999998,46.72999999999999,1,5,0.44,3 TO 6 TIMES A WEEK,PUBLIC,CENTER-BASED PROGRAM,MEDIUM,HIGH
652,0652006C,MALE,70.26999999999997,42.03999999999999,1,8,0.59,3 TO 6 TIMES A WEEK,PUBLIC,CENTER-BASED PROGRAM,HIGH,HIGH
652,0652010C,MALE,68.19999999999997,35.55999999999999,1,7,0.42,LESS THAN TWICE A WEEK,PUBLIC,CENTER-BASED PROGRAM,HIGH,MEDIUM
652,0652011C,FEMALE,67.59999999999997,30.64999999999999,0,3,1.3199999999999996,EVERYDAY,PUBLIC,CENTER-BASED PROGRAM,HIGH,HIGH
652,0652012C,MALE,68.89999999999998,39.359999999999985,1,7,0.35999999999999993,3 TO 6 TIMES A WEEK,PUBLIC,CENTER-BASED PROGRAM,HIGH,MEDIUM
652,0652013C,FEMALE,64.26999999999998,31.269999999999996,0,3,0.5599999999999999,3 TO 6 TIMES A WEEK,PUBLIC,CENTER-BASED PROGRAM,MEDIUM,HIGH
652,0652014C,MALE,65.26999999999997,29.319999999999986,0,5,0.6199999999999999,EVERYDAY,PUBLIC,CENTER-BASED PROGRAM,HIGH,HIGH
652,0652015C,MALE,63.16999999999997,31.439999999999994,0,8,0.3399999999999999,3 TO 6 TIMES A WEEK,PUBLIC,CENTER-BASED PROGRAM,HIGH,MEDIUM
652,0652019C,FEMALE,74.82999999999998,29.349999999999987,0,5,-0.04,EVERYDAY,PUBLIC,CENTER-BASED PROGRAM,MEDIUM,MEDIUM
652,0652022C,MALE,74.02999999999999,37.41,0,4,1.2399999999999998,3 TO 6 TIMES A WEEK,PUBLIC,NON-RELATIVE CARE,HIGH,HIGH
652,0652023C,MALE,73.86999999999998,43.93999999999998,0,8,-0.12999999999999998,3 TO 6 TIMES A WEEK,PUBLIC,CENTER-BASED PROGRAM,MEDIUM,MEDIUM
660,0660002C,MALE,71.56999999999998,34.52999999999999,0,6,-0.5399999999999999,3 TO 6 TIMES A WEEK,PRIVATE,NO NON-PARENTAL CARE,MEDIUM,MEDIUM
660,0660004C,FEMALE,65.39999999999998,30.57999999999999,0,8,-0.5099999999999999,LESS THAN TWICE A WEEK,PRIVATE,CENTER-BASED PROGRAM,MEDIUM,MEDIUM
660,0660005C,MALE,67.86999999999998,32.87,0,5,0.4,3 TO 6 TIMES A WEEK,PRIVATE,CENTER-BASED PROGRAM,MEDIUM,MEDIUM
660,0660007C,FEMALE,67.89999999999999,32.31999999999999,0,5,0.88,LESS THAN TWICE A WEEK,PRIVATE,CENTER-BASED PROGRAM,MEDIUM,MEDIUM
660,0660008C,FEMALE,62.76999999999998,42.57999999999999,0,8,0.6599999999999998,EVERYDAY,PRIVATE,CENTER-BASED PROGRAM,MEDIUM,MEDIUM
660,0660009C,FEMALE,68.09999999999997,29.389999999999986,0,6,-0.42999999999999994,3 TO 6 TIMES A WEEK,PRIVATE,CENTER-BASED PROGRAM,MEDIUM,MEDIUM
660,0660010C,FEMALE,71.12999999999997,34.079999999999984,0,5,-0.06,3 TO 6 TIMES A WEEK,PRIVATE,CENTER-BASED PROGRAM,MEDIUM,MEDIUM
660,0660011C,MALE,62.49999999999998,31.36999999999999,0,2,-0.18999999999999997,3 TO 6 TIMES A WEEK,PRIVATE,CENTER-BASED PROGRAM,MEDIUM,MEDIUM
660,0660012C,MALE,74.22999999999998,35.269999999999996,1,5,-0.5199999999999999,3 TO 6 TIMES A WEEK,PRIVATE,RELATIVE CARE,MEDIUM,MEDIUM
660,0660014C,FEMALE,62.09999999999998,29.88999999999999,0,8,-0.6699999999999998,EVERYDAY,PRIVATE,NO NON-PARENTAL CARE,MEDIUM,MEDIUM
660,0660015C,MALE,67.8,36.42999999999999,0,5,-0.12999999999999998,EVERYDAY,PRIVATE,RELATIVE CARE,MEDIUM,MEDIUM
660,0660016C,MALE,74.32999999999998,39.969999999999985,1,6,0.02,EVERYDAY,PRIVATE,RELATIVE CARE,MEDIUM,MEDIUM
660,0660017C,MALE,63.56999999999997,28.769999999999992,0,0,-0.08,3 TO 6 TIMES A WEEK,PRIVATE,CENTER-BASED PROGRAM,MEDIUM,MEDIUM
660,0660018C,FEMALE,66.66999999999997,31.229999999999997,0,4,-0.6499999999999999,EVERYDAY,PRIVATE,CENTER-BASED PROGRAM,MEDIUM,MEDIUM
660,0660019C,MALE,69.36999999999999,25.039999999999996,0,3,-0.25999999999999995,3 TO 6 TIMES A WEEK,PRIVATE,NO NON-PARENTAL CARE,MEDIUM,MEDIUM
660,0660020C,FEMALE,69.72999999999999,39.80999999999999,1,8,-0.3399999999999999,LESS THAN TWICE A WEEK,PRIVATE,RELATIVE CARE,MEDIUM,MEDIUM
660,0660022C,MALE,64.69999999999999,31.29999999999999,0,4,0.12999999999999998,EVERYDAY,PRIVATE,NO NON-PARENTAL CARE,MEDIUM,MEDIUM
660,0660023C,FEMALE,65.42999999999998,27.049999999999997,0,5,-0.22,LESS THAN TWICE A WEEK,PRIVATE,CENTER-BASED PROGRAM,MEDIUM,MEDIUM
680,0680001C,MALE,66.62999999999997,103.30999999999995,1,8,0.6499999999999999,EVERYDAY,PUBLIC,RELATIVE CARE,MEDIUM,MEDIUM
680,0680002C,MALE,69.52999999999999,39.72999999999999,1,7,0.6399999999999999,3 TO 6 TIMES A WEEK,PUBLIC,CENTER-BASED PROGRAM,MEDIUM,MEDIUM
680,0680004C,FEMALE,66.82999999999997,42.37999999999999,0,7,1.2499999999999998,EVERYDAY,PUBLIC,CENTER-BASED PROGRAM,HIGH,HIGH
680,0680006C,MALE,65.32999999999998,32.54999999999999,1,9,-0.39,LESS THAN TWICE A WEEK,PUBLIC,CENTER-BASED PROGRAM,MEDIUM,MEDIUM
680,0680007C,FEMALE,70.46999999999997,41.90999999999999,1,8,0.79,EVERYDAY,PUBLIC,CENTER-BASED PROGRAM,HIGH,HIGH
680,0680008C,MALE,62.32999999999999,25.21999999999999,0,7,0.03,LESS THAN TWICE A WEEK,PUBLIC,CENTER-BASED PROGRAM,MEDIUM,MEDIUM
680,0680009C,MALE,72.3,26.239999999999995,0,5,-0.3499999999999999,3 TO 6 TIMES A WEEK,PUBLIC,CENTER-BASED PROGRAM,MEDIUM,MEDIUM
680,0680011C,MALE,71.19999999999997,42.31999999999999,0,5,-0.16999999999999996,3 TO 6 TIMES A WEEK,PUBLIC,RELATIVE CARE,MEDIUM,MEDIUM
680,0680012C,FEMALE,67.99999999999997,45.55999999999999,0,5,0.13999999999999999,EVERYDAY,PUBLIC,CENTER-BASED PROGRAM,MEDIUM,MEDIUM
680,0680013C,FEMALE,70.09999999999997,32.209999999999994,0,4,0.05,EVERYDAY,PUBLIC,CENTER-BASED PROGRAM,HIGH,MEDIUM
680,0680014C,MALE,68.12999999999997,25.89999999999999,0,5,0.15999999999999998,LESS THAN TWICE A WEEK,PUBLIC,CENTER-BASED PROGRAM,HIGH,MEDIUM
680,0680015C,MALE,64.92999999999999,32.48,0,7,-0.6699999999999998,LESS THAN TWICE A WEEK,PUBLIC,CENTER-BASED PROGRAM,MEDIUM,LOW
680,0680016C,FEMALE,73.92999999999998,39.569999999999986,0,9,-0.44,EVERYDAY,PUBLIC,CENTER-BASED PROGRAM,MEDIUM,MEDIUM
680,0680017C,MALE,64.59999999999998,31.029999999999994,0,4,-0.5499999999999999,EVERYDAY,PUBLIC,CENTER-BASED PROGRAM,MEDIUM,LOW
680,0680018C,MALE,67.46999999999997,22.619999999999994,0,4,-0.6799999999999998,3 TO 6 TIMES A WEEK,PUBLIC,CENTER-BASED PROGRAM,LOW,MEDIUM
680,0680019C,FEMALE,68.96999999999997,32.68999999999999,0,8,-0.11999999999999998,EVERYDAY,PUBLIC,NO NON-PARENTAL CARE,MEDIUM,LOW
680,0680020C,MALE,65.92999999999999,35.599999999999994,0,7,0.24999999999999997,3 TO 6 TIMES A WEEK,PUBLIC,CENTER-BASED PROGRAM,MEDIUM,MEDIUM
680,0680021C,FEMALE,71.56999999999998,41.41999999999998,1,9,0.7199999999999999,EVERYDAY,PUBLIC,CENTER-BASED PROGRAM,MEDIUM,HIGH
680,0680022C,FEMALE,71.79999999999997,47.88999999999999,1,9,0.9599999999999999,3 TO 6 TIMES A WEEK,PUBLIC,CENTER-BASED PROGRAM,HIGH,HIGH
680,0680024C,FEMALE,66.42999999999998,25.439999999999994,0,3,-0.5599999999999999,LESS THAN TWICE A WEEK,PUBLIC,NO NON-PARENTAL CARE,LOW,MEDIUM
680,0680025C,FEMALE,70.09999999999997,39.859999999999985,0,7,0.05,EVERYDAY,PUBLIC,CENTER-BASED PROGRAM,HIGH,MEDIUM
712,0712013C,MALE,69.96999999999997,38.039999999999985,0,9,-0.17999999999999997,EVERYDAY,PUBLIC,CENTER-BASED PROGRAM,HIGH,MEDIUM
712,0712014C,MALE,69.22999999999999,47.38999999999999,1,6,-0.6,LESS THAN TWICE A WEEK,PUBLIC,CENTER-BASED PROGRAM,MEDIUM,MEDIUM
712,0712017C,FEMALE,74.92999999999999,24.999999999999996,0,7,0.29,LESS THAN TWICE A WEEK,PUBLIC,CENTER-BASED PROGRAM,MEDIUM,HIGH
712,0712018C,FEMALE,68.79999999999997,34.59999999999999,0,7,0,3 TO 6 TIMES A WEEK,PUBLIC,NO NON-PARENTAL CARE,MEDIUM,MEDIUM
712,0712020C,MALE,73.49999999999997,29.359999999999985,0,5,-0.09,EVERYDAY,PUBLIC,CENTER-BASED PROGRAM,MEDIUM,MEDIUM
712,0712021C,FEMALE,72.92999999999999,30.05999999999999,0,6,-0.13999999999999999,EVERYDAY,PUBLIC,RELATIVE CARE,MEDIUM,HIGH
712,0712023C,FEMALE,67.26999999999997,34.149999999999984,0,9,-0.07,3 TO 6 TIMES A WEEK,PUBLIC,RELATIVE CARE,HIGH,MEDIUM
712,0712024C,FEMALE,70.92999999999998,42.86999999999999,0,7,-0.12999999999999998,EVERYDAY,PUBLIC,CENTER-BASED PROGRAM,MEDIUM,MEDIUM
749,0749003C,MALE,77.32999999999998,27.63,0,5,0.09,3 TO 6 TIMES A WEEK,PUBLIC,NON-RELATIVE CARE,MEDIUM,MEDIUM
749,0749007C,MALE,71.66999999999997,26.689999999999994,0,8,0.9499999999999998,EVERYDAY,PUBLIC,CENTER-BASED PROGRAM,HIGH,HIGH
749,0749013C,FEMALE,71.66999999999997,26.41999999999999,0,6,0.9499999999999998,EVERYDAY,PUBLIC,CENTER-BASED PROGRAM,HIGH,HIGH
749,0749016C,FEMALE,68.52999999999997,39.43999999999998,0,6,-0.30999999999999994,EVERYDAY,PUBLIC,CENTER-BASED PROGRAM,MEDIUM,MEDIUM
749,0749019C,FEMALE,70.46999999999997,25.25999999999999,0,3,-0.7599999999999999,LESS THAN TWICE A WEEK,PUBLIC,NO NON-PARENTAL CARE,LOW,MEDIUM
749,0749020C,FEMALE,71.16999999999997,23.959999999999987,0,6,-0.35999999999999993,EVERYDAY,PUBLIC,RELATIVE CARE,MEDIUM,MEDIUM
838,0838002C,FEMALE,73.22999999999998,37.47,0,6,-0.23999999999999996,3 TO 6 TIMES A WEEK,PUBLIC,RELATIVE CARE,MEDIUM,MEDIUM
838,0838003C,FEMALE,71.79999999999997,32.05999999999999,0,8,-0.11,EVERYDAY,PUBLIC,RELATIVE CARE,MEDIUM,MEDIUM
838,0838004C,FEMALE,66.69999999999997,37.51999999999999,0,4,0.3499999999999999,EVERYDAY,PUBLIC,CENTER-BASED PROGRAM,MEDIUM,MEDIUM
838,0838006C,MALE,65.02999999999999,36.84999999999999,0,3,-0.05,EVERYDAY,PUBLIC,NO NON-PARENTAL CARE,MEDIUM,HIGH
838,0838007C,MALE,72.8,35.569999999999986,0,7,0.05,3 TO 6 TIMES A WEEK,PUBLIC,CENTER-BASED PROGRAM,MEDIUM,HIGH
838,0838008C,FEMALE,72.8,37.759999999999984,0,9,0.5499999999999999,EVERYDAY,PUBLIC,CENTER-BASED PROGRAM,HIGH,MEDIUM
838,0838009C,MALE,78.99999999999999,49.46,0,4,-0.5299999999999999,EVERYDAY,PUBLIC,CENTER-BASED PROGRAM,MEDIUM,LOW
838,0838010C,MALE,77.3,50.11999999999998,1,6,1.2399999999999998,EVERYDAY,PUBLIC,CENTER-BASED PROGRAM,HIGH,HIGH
838,0838012C,MALE,77.09999999999997,42.96999999999999,0,8,-0.4099999999999999,EVERYDAY,PUBLIC,CENTER-BASED PROGRAM,MEDIUM,MEDIUM
838,0838014C,MALE,65.99999999999997,25.75999999999999,0,7,0.13999999999999999,EVERYDAY,PUBLIC,CENTER-BASED PROGRAM,MEDIUM,MEDIUM
838,0838017C,MALE,74.62999999999997,43.04999999999999,1,8,0.13999999999999999,EVERYDAY,PUBLIC,NO NON-PARENTAL CARE,MEDIUM,MEDIUM
838,0838018C,FEMALE,78.99999999999999,40.01,1,8,0.13999999999999999,3 TO 6 TIMES A WEEK,PUBLIC,CENTER-BASED PROGRAM,MEDIUM,MEDIUM
838,0838019C,FEMALE,65.09999999999998,45.76999999999999,0,5,0.35999999999999993,EVERYDAY,PUBLIC,CENTER-BASED PROGRAM,MEDIUM,HIGH
838,0838020C,FEMALE,65.26999999999997,40.829999999999984,0,7,1.3899999999999997,EVERYDAY,PUBLIC,CENTER-BASED PROGRAM,HIGH,HIGH
838,0838022C,MALE,78.99999999999999,36.969999999999985,0,7,-0.08,3 TO 6 TIMES A WEEK,PUBLIC,CENTER-BASED PROGRAM,MEDIUM,MEDIUM
865,0865001C,MALE,70.86999999999998,27.63,0,9,-0.57,3 TO 6 TIMES A WEEK,PUBLIC,CENTER-BASED PROGRAM,LOW,MEDIUM
865,0865002C,MALE,64.16999999999999,30.21999999999999,0,6,-0.23999999999999996,LESS THAN TWICE A WEEK,PUBLIC,CENTER-BASED PROGRAM,MEDIUM,MEDIUM
865,0865004C,FEMALE,64.02999999999999,34.69999999999999,0,1,-0.6699999999999998,3 TO 6 TIMES A WEEK,PUBLIC,CENTER-BASED PROGRAM,MEDIUM,MEDIUM
865,0865017C,FEMALE,64.39999999999999,33.139999999999986,0,4,-0.49,LESS THAN TWICE A WEEK,PUBLIC,CENTER-BASED PROGRAM,MEDIUM,MEDIUM
865,0865018C,MALE,70.02999999999999,30.229999999999997,0,7,-0.8,LESS THAN TWICE A WEEK,PUBLIC,NO NON-PARENTAL CARE,MEDIUM,LOW
865,0865023C,MALE,63.52999999999998,31.58999999999999,0,9,-0.24999999999999997,3 TO 6 TIMES A WEEK,PUBLIC,NO NON-PARENTAL CARE,MEDIUM,MEDIUM
971,0971001C,MALE,75.79999999999997,33.539999999999985,0,8,-0.03,3 TO 6 TIMES A WEEK,PUBLIC,RELATIVE CARE,MEDIUM,MEDIUM
971,0971002C,FEMALE,73.42999999999998,28.859999999999992,0,8,0.07,LESS THAN TWICE A WEEK,PUBLIC,CENTER-BASED PROGRAM,MEDIUM,MEDIUM
971,0971003C,MALE,68.59999999999997,35.149999999999984,1,5,-0.06,LESS THAN TWICE A WEEK,PUBLIC,CENTER-BASED PROGRAM,MEDIUM,MEDIUM
972,0972001C,FEMALE,73.16999999999997,35.329999999999984,1,7,-0.79,3 TO 6 TIMES A WEEK,PUBLIC,RELATIVE CARE,LOW,LOW
972,0972002C,FEMALE,67.89999999999999,51.83999999999998,1,8,-0.03,3 TO 6 TIMES A WEEK,PUBLIC,CENTER-BASED PROGRAM,MEDIUM,MEDIUM
972,0972006C,MALE,74.49999999999997,61.43999999999997,1,3,-0.3299999999999999,EVERYDAY,PUBLIC,CENTER-BASED PROGRAM,MEDIUM,MEDIUM
1039,1039001C,MALE,70.76999999999997,23.40999999999999,0,4,-0.4799999999999999,LESS THAN TWICE A WEEK,PUBLIC,NO NON-PARENTAL CARE,MEDIUM,LOW
1039,1039002C,FEMALE,66.86999999999998,27.179999999999996,0,6,-0.6799999999999998,LESS THAN TWICE A WEEK,PUBLIC,NO NON-PARENTAL CARE,LOW,MEDIUM
1039,1039004C,FEMALE,73.12999999999997,26.98999999999999,0,9,-0.4,LESS THAN TWICE A WEEK,PUBLIC,RELATIVE CARE,MEDIUM,MEDIUM
1039,1039005C,FEMALE,72.49999999999997,36.879999999999995,0,8,0.04,EVERYDAY,PUBLIC,CENTER-BASED PROGRAM,MEDIUM,LOW
1039,1039012C,FEMALE,67.13,36.579999999999984,0,7,-0.44,LESS THAN TWICE A WEEK,PUBLIC,RELATIVE CARE,LOW,MEDIUM
1039,1039015C,FEMALE,62.69999999999999,28.41999999999999,0,2,-0.77,LESS THAN TWICE A WEEK,PUBLIC,RELATIVE CARE,LOW,LOW
1039,1039020C,MALE,70.19999999999997,33.90999999999999,0,8,-0.98,LESS THAN TWICE A WEEK,PUBLIC,NO NON-PARENTAL CARE,LOW,LOW
1039,1039022C,MALE,70.39999999999998,37.329999999999984,0,8,0.03,LESS THAN TWICE A WEEK,PUBLIC,CENTER-BASED PROGRAM,MEDIUM,LOW
1039,1039024C,FEMALE,69.56999999999998,25.93999999999999,0,7,0.11,3 TO 6 TIMES A WEEK,PUBLIC,NO NON-PARENTAL CARE,HIGH,MEDIUM
1094,1094001C,MALE,65.56999999999998,41.58999999999999,0,6,1.0099999999999998,3 TO 6 TIMES A WEEK,PRIVATE,CENTER-BASED PROGRAM,HIGH,HIGH
1094,1094004C,MALE,73.12999999999997,40.20999999999999,0,7,0.37999999999999995,EVERYDAY,PRIVATE,CENTER-BASED PROGRAM,HIGH,HIGH
1094,1094005C,MALE,72.46999999999997,51.269999999999975,1,7,0.89,3 TO 6 TIMES A WEEK,PRIVATE,CENTER-BASED PROGRAM,HIGH,MEDIUM
1094,1094009C,MALE,73.26999999999997,39.36999999999998,0,3,0.16999999999999996,EVERYDAY,PRIVATE,CENTER-BASED PROGRAM,MEDIUM,MEDIUM
1094,1094012C,MALE,65.96999999999997,26.30999999999999,0,5,-0.27999999999999997,LESS THAN TWICE A WEEK,PRIVATE,CENTER-BASED PROGRAM,MEDIUM,MEDIUM
1094,1094013C,MALE,61.899999999999984,30.20999999999999,0,4,0.6599999999999998,3 TO 6 TIMES A WEEK,PRIVATE,CENTER-BASED PROGRAM,HIGH,MEDIUM
1094,1094014C,FEMALE,68.66999999999997,26.289999999999996,0,8,-0.44,EVERYDAY,PRIVATE,CENTER-BASED PROGRAM,MEDIUM,MEDIUM
1094,1094015C,MALE,74.26999999999997,34.40999999999999,0,4,-0.06,LESS THAN TWICE A WEEK,PRIVATE,CENTER-BASED PROGRAM,MEDIUM,MEDIUM
1094,1094016C,FEMALE,61.02999999999998,38.999999999999986,0,6,0.5299999999999999,3 TO 6 TIMES A WEEK,PRIVATE,CENTER-BASED PROGRAM,HIGH,HIGH
1094,1094017C,MALE,71.02999999999997,30.30999999999999,0,4,0.36999999999999994,EVERYDAY,PRIVATE,CENTER-BASED PROGRAM,MEDIUM,HIGH
1094,1094021C,MALE,70.06999999999998,31.68999999999999,0,2,-0.08,LESS THAN TWICE A WEEK,PRIVATE,CENTER-BASED PROGRAM,MEDIUM,MEDIUM
1094,1094022C,FEMALE,64.69999999999999,41.469999999999985,0,5,0.6199999999999999,EVERYDAY,PRIVATE,NO NON-PARENTAL CARE,MEDIUM,MEDIUM
1094,1094023C,MALE,70.49999999999997,31.72999999999999,0,3,0.17999999999999997,3 TO 6 TIMES A WEEK,PRIVATE,CENTER-BASED PROGRAM,MEDIUM,HIGH
1094,1094024C,MALE,75.79999999999997,38.969999999999985,0,8,1.4099999999999997,EVERYDAY,PRIVATE,CENTER-BASED PROGRAM,HIGH,HIGH
1097,1097010C,MALE,65.12999999999998,25.639999999999997,0,6,-0.39,LESS THAN TWICE A WEEK,PUBLIC,RELATIVE CARE,MEDIUM,LOW
1097,1097014C,FEMALE,64.92999999999999,29.77999999999999,0,5,-0.89,LESS THAN TWICE A WEEK,PUBLIC,NO NON-PARENTAL CARE,LOW,LOW
1097,1097015C,FEMALE,66.02999999999997,25.33999999999999,0,6,0.3,EVERYDAY,PUBLIC,CENTER-BASED PROGRAM,LOW,MEDIUM
1097,1097017C,MALE,64.66999999999999,34.29999999999998,0,3,-0.3299999999999999,EVERYDAY,PUBLIC,RELATIVE CARE,MEDIUM,MEDIUM
1097,1097024C,FEMALE,71.02999999999997,26.49999999999999,0,7,-0.59,EVERYDAY,PUBLIC,NO NON-PARENTAL CARE,LOW,MEDIUM
1124,1124001C,FEMALE,62.59999999999998,32.71999999999999,0,4,0.5199999999999999,EVERYDAY,PRIVATE,CENTER-BASED PROGRAM,HIGH,HIGH
1124,1124007C,MALE,61.829999999999984,31.469999999999995,0,7,-0.02,3 TO 6 TIMES A WEEK,PRIVATE,CENTER-BASED PROGRAM,MEDIUM,LOW
1124,1124011C,FEMALE,69.07,31.84999999999999,0,9,-0.27999999999999997,LESS THAN TWICE A WEEK,PRIVATE,CENTER-BASED PROGRAM,MEDIUM,MEDIUM
1124,1124013C,MALE,70.42999999999999,32.849999999999994,0,8,-0.3499999999999999,3 TO 6 TIMES A WEEK,PRIVATE,CENTER-BASED PROGRAM,MEDIUM,MEDIUM
1124,1124015C,FEMALE,64.96999999999998,31.84999999999999,0,8,-0.16999999999999996,3 TO 6 TIMES A WEEK,PRIVATE,CENTER-BASED PROGRAM,MEDIUM,MEDIUM
1124,1124020C,MALE,65.16999999999997,34.58999999999999,0,7,0.57,3 TO 6 TIMES A WEEK,PRIVATE,CENTER-BASED PROGRAM,MEDIUM,HIGH
1236,1236001C,MALE,72.02999999999999,34.649999999999984,0,9,1.0099999999999998,LESS THAN TWICE A WEEK,PUBLIC,CENTER-BASED PROGRAM,HIGH,HIGH
1236,1236002C,FEMALE,69.16999999999997,37.98999999999999,1,6,1.2599999999999998,3 TO 6 TIMES A WEEK,PUBLIC,CENTER-BASED PROGRAM,HIGH,HIGH
1236,1236003C,FEMALE,71.32999999999997,30.49999999999999,0,7,1.3299999999999996,LESS THAN TWICE A WEEK,PUBLIC,CENTER-BASED PROGRAM,HIGH,HIGH
1236,1236005C,MALE,70.59999999999997,60.01999999999998,0,6,0.49,LESS THAN TWICE A WEEK,PUBLIC,CENTER-BASED PROGRAM,HIGH,HIGH
1236,1236006C,FEMALE,63.02999999999998,34.639999999999986,0,3,1.13,3 TO 6 TIMES A WEEK,PUBLIC,CENTER-BASED PROGRAM,HIGH,HIGH
1236,1236009C,MALE,67.19999999999997,27.939999999999994,0,1,0.35999999999999993,EVERYDAY,PUBLIC,RELATIVE CARE,MEDIUM,MEDIUM
1236,1236011C,FEMALE,68.32999999999998,33.36999999999998,0,7,0.9499999999999998,3 TO 6 TIMES A WEEK,PUBLIC,CENTER-BASED PROGRAM,HIGH,HIGH
1236,1236014C,FEMALE,67.99999999999997,26.829999999999995,0,6,0.1,3 TO 6 TIMES A WEEK,PUBLIC,CENTER-BASED PROGRAM,MEDIUM,MEDIUM
1236,1236015C,FEMALE,64.66999999999999,32.71999999999999,0,5,1.0899999999999999,EVERYDAY,PUBLIC,CENTER-BASED PROGRAM,MEDIUM,HIGH
1236,1236017C,MALE,73.42999999999998,31.759999999999987,0,6,1.2499999999999998,3 TO 6 TIMES A WEEK,PUBLIC,NO NON-PARENTAL CARE,HIGH,HIGH
1236,1236018C,FEMALE,66.42999999999998,39.93999999999998,0,7,0.31999999999999995,EVERYDAY,PUBLIC,NO NON-PARENTAL CARE,MEDIUM,HIGH
1236,1236019C,FEMALE,65.92999999999999,31.18999999999999,0,7,0.9699999999999999,EVERYDAY,PUBLIC,CENTER-BASED PROGRAM,HIGH,HIGH
1236,1236021C,MALE,65.52999999999999,25.669999999999995,0,6,0.6899999999999998,EVERYDAY,PUBLIC,CENTER-BASED PROGRAM,MEDIUM,HIGH
1236,1236022C,FEMALE,63.899999999999984,32.49999999999999,0,7,1.4799999999999998,3 TO 6 TIMES A WEEK,PUBLIC,NO NON-PARENTAL CARE,HIGH,HIGH
1236,1236023C,FEMALE,72.09999999999997,37.09999999999999,0,8,0.8699999999999999,EVERYDAY,PUBLIC,NO NON-PARENTAL CARE,HIGH,HIGH
1262,1262001C,MALE,62.12999999999998,38.65999999999999,0,7,-0.12999999999999998,LESS THAN TWICE A WEEK,PUBLIC,CENTER-BASED PROGRAM,MEDIUM,MEDIUM
1262,1262005C,FEMALE,65.26999999999997,28.57999999999999,0,7,0.22,3 TO 6 TIMES A WEEK,PUBLIC,NO NON-PARENTAL CARE,MEDIUM,MEDIUM
1262,1262009C,MALE,66.86999999999998,34.36999999999998,0,8,0.6899999999999998,EVERYDAY,PUBLIC,CENTER-BASED PROGRAM,HIGH,MEDIUM
1262,1262013C,FEMALE,62.42999999999999,31.469999999999995,0,1,-0.44999999999999996,EVERYDAY,PUBLIC,NO NON-PARENTAL CARE,MEDIUM,MEDIUM
1262,1262014C,FEMALE,63.29999999999998,23.429999999999996,0,6,0.84,3 TO 6 TIMES A WEEK,PUBLIC,CENTER-BASED PROGRAM,HIGH,MEDIUM
1262,1262015C,FEMALE,67.3,32.54999999999999,0,6,-0.3399999999999999,EVERYDAY,PUBLIC,CENTER-BASED PROGRAM,MEDIUM,MEDIUM
1262,1262016C,MALE,68.59999999999997,42.04999999999999,0,8,0.15,LESS THAN TWICE A WEEK,PUBLIC,RELATIVE CARE,MEDIUM,MEDIUM
1262,1262017C,MALE,68.76999999999997,33.609999999999985,0,8,0.5599999999999999,LESS THAN TWICE A WEEK,PUBLIC,RELATIVE CARE,MEDIUM,MEDIUM
1262,1262019C,FEMALE,60.32999999999999,24.319999999999986,0,0,-0.49,EVERYDAY,PUBLIC,RELATIVE CARE,MEDIUM,MEDIUM
1262,1262020C,MALE,63.72999999999999,32.47,1,3,-0.4799999999999999,LESS THAN TWICE A WEEK,PUBLIC,CENTER-BASED PROGRAM,MEDIUM,MEDIUM
1262,1262024C,FEMALE,64.69999999999999,24.069999999999997,0,4,-0.22,3 TO 6 TIMES A WEEK,PUBLIC,RELATIVE CARE,MEDIUM,MEDIUM
2025,2025001C,MALE,64.92999999999999,30.129999999999992,0,9,0.9499999999999998,3 TO 6 TIMES A WEEK,PRIVATE,CENTER-BASED PROGRAM,HIGH,HIGH
2025,2025005C,FEMALE,63.22999999999998,27.539999999999996,0,8,1.21,EVERYDAY,PRIVATE,RELATIVE CARE,HIGH,HIGH
2025,2025006C,MALE,73.96999999999997,48.219999999999985,0,8,0.5299999999999999,EVERYDAY,PRIVATE,CENTER-BASED PROGRAM,HIGH,HIGH
2025,2025007C,FEMALE,71.56999999999998,49.79999999999999,0,7,0.23999999999999996,3 TO 6 TIMES A WEEK,PRIVATE,RELATIVE CARE,HIGH,MEDIUM
2025,2025008C,FEMALE,69.42999999999999,35.47,0,8,0.13999999999999999,3 TO 6 TIMES A WEEK,PRIVATE,CENTER-BASED PROGRAM,MEDIUM,HIGH
2025,2025009C,FEMALE,72.59999999999997,43.219999999999985,0,6,0.30999999999999994,3 TO 6 TIMES A WEEK,PRIVATE,CENTER-BASED PROGRAM,MEDIUM,MEDIUM
2025,2025010C,FEMALE,65.39999999999998,39.54999999999998,0,6,0.59,3 TO 6 TIMES A WEEK,PRIVATE,RELATIVE CARE,MEDIUM,MEDIUM
2025,2025011C,MALE,78.99999999999999,42.36999999999999,0,8,1.4399999999999997,3 TO 6 TIMES A WEEK,PRIVATE,CENTER-BASED PROGRAM,HIGH,MEDIUM
2025,2025012C,FEMALE,66.52999999999997,47.39999999999999,1,8,1.4399999999999997,EVERYDAY,PRIVATE,CENTER-BASED PROGRAM,HIGH,MEDIUM
2025,2025013C,MALE,66.29999999999997,45.219999999999985,0,7,0.7599999999999999,EVERYDAY,PRIVATE,CENTER-BASED PROGRAM,MEDIUM,HIGH
2025,2025014C,MALE,68.69999999999999,38.27999999999999,0,9,0.7599999999999999,EVERYDAY,PRIVATE,CENTER-BASED PROGRAM,HIGH,HIGH
2025,2025015C,FEMALE,63.76999999999998,36.609999999999985,0,4,0.5099999999999999,EVERYDAY,PRIVATE,CENTER-BASED PROGRAM,MEDIUM,HIGH
2025,2025017C,MALE,70.22999999999998,32.85999999999999,0,6,1.1099999999999999,3 TO 6 TIMES A WEEK,PRIVATE,CENTER-BASED PROGRAM,HIGH,HIGH
2025,2025018C,FEMALE,71.79999999999997,38.54999999999998,0,6,1.5099999999999998,3 TO 6 TIMES A WEEK,PRIVATE,CENTER-BASED PROGRAM,HIGH,HIGH
2025,2025020C,FEMALE,69.07,33.80999999999999,0,9,-0.01,3 TO 6 TIMES A WEEK,PRIVATE,CENTER-BASED PROGRAM,MEDIUM,MEDIUM
2025,2025022C,MALE,64.16999999999999,52.959999999999994,1,6,1.1099999999999999,3 TO 6 TIMES A WEEK,PRIVATE,CENTER-BASED PROGRAM,HIGH,HIGH
2025,2025024C,MALE,61.92999999999998,34.37999999999999,0,8,0.5099999999999999,EVERYDAY,PRIVATE,CENTER-BASED PROGRAM,HIGH,MEDIUM
2120,2120001C,FEMALE,71.12999999999997,40.23999999999998,1,4,-0.5499999999999999,EVERYDAY,PUBLIC,CENTER-BASED PROGRAM,LOW,MEDIUM
2120,2120002C,MALE,68.16999999999997,46.06999999999998,1,5,0.01,3 TO 6 TIMES A WEEK,PUBLIC,CENTER-BASED PROGRAM,MEDIUM,MEDIUM
2120,2120003C,MALE,67.32999999999998,40.20999999999999,1,8,0.7599999999999999,EVERYDAY,PUBLIC,CENTER-BASED PROGRAM,MEDIUM,HIGH
2120,2120004C,MALE,70.39999999999998,56.719999999999985,0,6,0.23999999999999996,3 TO 6 TIMES A WEEK,PUBLIC,CENTER-BASED PROGRAM,MEDIUM,MEDIUM
2120,2120007C,FEMALE,63.02999999999998,60.92999999999998,1,6,0.24999999999999997,EVERYDAY,PUBLIC,CENTER-BASED PROGRAM,HIGH,MEDIUM
2120,2120010C,MALE,69.46999999999998,35.19999999999999,0,7,-0.3299999999999999,EVERYDAY,PUBLIC,CENTER-BASED PROGRAM,MEDIUM,MEDIUM
2120,2120011C,MALE,67.22999999999998,29.56999999999999,0,3,-0.6299999999999999,3 TO 6 TIMES A WEEK,PUBLIC,CENTER-BASED PROGRAM,MEDIUM,MEDIUM
2120,2120013C,MALE,74.52999999999999,23.20999999999999,0,3,-0.23999999999999996,EVERYDAY,PUBLIC,NO NON-PARENTAL CARE,MEDIUM,MEDIUM
2120,2120014C,FEMALE,69.02999999999999,43.459999999999994,0,9,0.12999999999999998,EVERYDAY,PUBLIC,CENTER-BASED PROGRAM,MEDIUM,MEDIUM
2120,2120015C,MALE,65.22999999999998,36.859999999999985,0,8,-0.5099999999999999,LESS THAN TWICE A WEEK,PUBLIC,CENTER-BASED PROGRAM,MEDIUM,LOW
2120,2120016C,FEMALE,65.96999999999997,39.48999999999999,0,6,-0.44,3 TO 6 TIMES A WEEK,PUBLIC,NO NON-PARENTAL CARE,MEDIUM,MEDIUM
2120,2120018C,MALE,64.06999999999998,29.559999999999988,0,3,0.8999999999999999,3 TO 6 TIMES A WEEK,PUBLIC,CENTER-BASED PROGRAM,HIGH,HIGH
2120,2120019C,MALE,76.69999999999997,44.60999999999999,0,6,0.9999999999999999,EVERYDAY,PUBLIC,CENTER-BASED PROGRAM,MEDIUM,HIGH
2120,2120021C,MALE,73.96999999999997,44.15999999999999,0,7,1.54,3 TO 6 TIMES A WEEK,PUBLIC,CENTER-BASED PROGRAM,HIGH,HIGH
2120,2120022C,FEMALE,63.22999999999998,31.799999999999997,0,3,0.30999999999999994,EVERYDAY,PUBLIC,RELATIVE CARE,MEDIUM,MEDIUM
2120,2120023C,MALE,78.99999999999999,42.61999999999999,0,8,0.11,LESS THAN TWICE A WEEK,PUBLIC,CENTER-BASED PROGRAM,MEDIUM,MEDIUM
